{"RuleTriggered": 15, "Violations": 15, "Details": {"algo-1": {"cpu": {"p25": 40.379999999999995, "p50": 42.83625, "p75": 46.2025, "p95": 74.60687499999999, "upper": 54.93625000000001, "lower": 31.646249999999988}, "gpu0": {"p25": 0.0, "p50": 0.0, "p75": 0.5, "p95": 54.0, "upper": 1.25, "lower": 0.0}, "gpu0_memory": {"p25": 0.0, "p50": 0.0, "p75": 0.0, "p95": 43.0, "upper": 0.0, "lower": 0.0}}, "last_timestamp": 1676590620000000}, "Datapoints": 2750, "RuleParameters": "cpu_threshold_p95:70\ngpu_threshold_p95:70\ngpu_memory_threshold_p95:70\npatience:1000\nwindow:500"}