{"RuleTriggered": 0, "Violations": 0, "Details": {"pin_memory": false, "num_workers": 0, "cores": 8, "dataloaders": 1, "dataloading_time": {"p25": 0.100307, "p50": 0.111191, "p95": 0.15067884999999998, "probs": [1, 0, 0, 0, 0, 0, 0, 0, 0, 0, 0, 0, 0, 0, 0, 1, 1, 0, 0, 1, 0, 0, 0, 0, 0, 0, 0, 0, 1, 0, 0, 0, 0, 0, 0, 0, 0, 0, 0, 0, 1, 0, 0, 0, 0, 0, 0, 0, 0, 0, 0, 0, 0, 0, 0, 0, 0, 0, 0, 1, 0, 0, 0, 0, 0, 0, 0, 0, 1, 0, 0, 0, 0, 0, 0, 0, 0, 0, 0, 0, 0, 0, 0, 0, 0, 0, 0, 1, 0, 0, 0, 0, 0, 0, 0, 0, 0, 0, 0, 1], "binedges": [0.088682, 0.089338, 0.08999399999999999, 0.09065, 0.091306, 0.091962, 0.09261799999999999, 0.093274, 0.09393, 0.094586, 0.095242, 0.095898, 0.096554, 0.09720999999999999, 0.097866, 0.098522, 0.099178, 0.09983399999999999, 0.10049, 0.101146, 0.101802, 0.102458, 0.103114, 0.10377, 0.10442599999999999, 0.105082, 0.105738, 0.10639399999999999, 0.10704999999999999, 0.107706, 0.108362, 0.109018, 0.109674, 0.11033, 0.110986, 0.11164199999999999, 0.112298, 0.112954, 0.11360999999999999, 0.11426599999999999, 0.114922, 0.115578, 0.116234, 0.11689, 0.117546, 0.118202, 0.11885799999999999, 0.119514, 0.12017, 0.12082599999999999, 0.121482, 0.122138, 0.122794, 0.12345, 0.124106, 0.124762, 0.125418, 0.126074, 0.12673, 0.127386, 0.128042, 0.128698, 0.129354, 0.13001000000000001, 0.130666, 0.131322, 0.13197799999999998, 0.132634, 0.13329, 0.133946, 0.134602, 0.135258, 0.135914, 0.13657, 0.13722600000000001, 0.137882, 0.138538, 0.13919399999999998, 0.13985, 0.140506, 0.141162, 0.141818, 0.142474, 0.14313, 0.143786, 0.14444200000000001, 0.145098, 0.145754, 0.14640999999999998, 0.147066, 0.147722, 0.148378, 0.149034, 0.14969, 0.150346, 0.151002, 0.15165800000000002, 0.152314, 0.15297, 0.15362599999999998, 0.154282]}}, "Datapoints": 10, "RuleParameters": "min_threshold:70\nmax_threshold:200"}