{"RuleTriggered": 0, "Violations": 0, "Details": {"pin_memory": false, "num_workers": 0, "cores": 4, "dataloaders": 1, "dataloading_time": {"p25": 1.24231175, "p50": 1.342453, "p95": 1.7383332499999997, "probs": [1, 0, 0, 0, 0, 0, 0, 0, 1, 0, 0, 0, 0, 0, 0, 0, 0, 0, 0, 0, 0, 0, 0, 0, 1, 0, 0, 0, 0, 0, 0, 1, 1, 0, 0, 0, 0, 0, 0, 0, 0, 0, 0, 0, 0, 1, 1, 0, 0, 0, 0, 0, 0, 0, 0, 0, 0, 0, 0, 1, 0, 0, 0, 0, 0, 0, 0, 0, 0, 0, 0, 0, 0, 0, 0, 0, 0, 0, 0, 1, 0, 0, 0, 0, 0, 0, 0, 0, 0, 0, 0, 0, 0, 0, 0, 0, 0, 0, 0, 1], "binedges": [1.042289, 1.04993792, 1.05758684, 1.06523576, 1.07288468, 1.0805336, 1.08818252, 1.09583144, 1.10348036, 1.11112928, 1.1187782, 1.12642712, 1.13407604, 1.14172496, 1.14937388, 1.1570228, 1.16467172, 1.17232064, 1.17996956, 1.18761848, 1.1952674, 1.20291632, 1.21056524, 1.21821416, 1.2258630799999999, 1.233512, 1.24116092, 1.24880984, 1.2564587600000001, 1.26410768, 1.2717566, 1.27940552, 1.28705444, 1.29470336, 1.30235228, 1.3100011999999999, 1.31765012, 1.32529904, 1.33294796, 1.34059688, 1.3482458, 1.35589472, 1.36354364, 1.37119256, 1.37884148, 1.3864904, 1.3941393199999998, 1.40178824, 1.40943716, 1.41708608, 1.424735, 1.43238392, 1.44003284, 1.44768176, 1.4553306799999999, 1.4629796, 1.47062852, 1.47827744, 1.48592636, 1.49357528, 1.5012242, 1.50887312, 1.51652204, 1.52417096, 1.53181988, 1.5394687999999999, 1.54711772, 1.55476664, 1.5624155599999998, 1.57006448, 1.5777134, 1.58536232, 1.59301124, 1.6006601599999999, 1.60830908, 1.615958, 1.6236069199999998, 1.63125584, 1.63890476, 1.6465536799999998, 1.6542026, 1.66185152, 1.66950044, 1.67714936, 1.6847982799999999, 1.6924472, 1.70009612, 1.7077450399999998, 1.71539396, 1.72304288, 1.7306917999999998, 1.73834072, 1.74598964, 1.75363856, 1.76128748, 1.7689363999999999, 1.77658532, 1.78423424, 1.7918831599999998, 1.79953208, 1.807181]}}, "Datapoints": 10, "RuleParameters": "min_threshold:70\nmax_threshold:200"}