{"RuleTriggered": 0, "Violations": 8, "Details": {"low_gpu_utilization": 2182, "bottlenecks": {"1676590637.500559": {"GPUs": 1, "CPUs": 1}, "1676590690.500262": {"GPUs": 1, "CPUs": 1}, "1676590757.500275": {"GPUs": 1, "CPUs": 1}, "1676590851.500265": {"GPUs": 1, "CPUs": 1}, "1676590852.000288": {"GPUs": 1, "CPUs": 1}, "1676590855.000277": {"GPUs": 1, "CPUs": 1}, "1676590856.000275": {"GPUs": 1, "CPUs": 1}, "1676590856.500255": {"GPUs": 1, "CPUs": 1}}}, "Datapoints": 2752, "RuleParameters": "threshold:50\nio_threshold:50\ngpu_threshold:10\npatience:1000"}