{"RuleTriggered": 0, "Violations": 0, "Details": {"step_num": {"first": 1676590869444735, "last": 1676591999696990}, "job_start": 1676590624.500211, "job_end": 1676591999.500654}, "Datapoints": 1127, "RuleParameters": "threshold:20"}