{"RuleTriggered": 0, "Violations": 0, "Details": {"ratio": {}, "phase": {"Step:ModeKeys.TRAIN": 46.04543229189512, "others": 49.5336336725652, "Step:ModeKeys.EVAL": 4.420934035539683}, "phase_time": {}, "general": {"DataLoaderIterInitialize": 0.0003160603352470613, "DataLoaderIter": 0.15085486538068105, "Forward": 99.84882907428407}}, "Datapoints": 0, "RuleParameters": ""}