{"RuleTriggered": 33, "Violations": 1834, "Details": {"step_details": {"algo-1-47": {"step_stats": {"mean": 0.18343706199460916, "max": 0.502002, "p99": 0.28623070000000056, "p95": 0.2070515, "p50": 0.181093, "min": 0.040729}, "number_of_outliers": 4, "phase": "Step:ModeKeys.EVAL", "stddev": 0.03, "probs": [6, 0, 1, 0, 0, 0, 0, 0, 0, 0, 0, 0, 0, 0, 0, 0, 0, 0, 0, 0, 0, 0, 0, 0, 0, 0, 0, 0, 0, 0, 0, 0, 0, 0, 0, 0, 0, 0, 0, 0, 0, 0, 0, 0, 0, 0, 0, 0, 0, 0, 0, 0, 0, 0, 0, 0, 0, 25, 48, 61, 63, 47, 38, 18, 12, 8, 2, 2, 7, 4, 8, 3, 2, 2, 1, 0, 2, 0, 1, 0, 1, 0, 1, 0, 0, 0, 0, 0, 0, 0, 2, 0, 0, 0, 0, 0, 0, 0, 0, 2], "binedges": [0.040729, 0.04303969, 0.04535038, 0.04766107, 0.049971760000000004, 0.05228245, 0.05459314, 0.05690383, 0.05921452, 0.06152521, 0.0638359, 0.06614659, 0.06845728, 0.07076797, 0.07307865999999999, 0.07538935, 0.07770004, 0.08001073, 0.08232142, 0.08463211, 0.0869428, 0.08925348999999999, 0.09156418, 0.09387487, 0.09618556, 0.09849625, 0.10080694, 0.10311762999999999, 0.10542831999999999, 0.10773901, 0.1100497, 0.11236038999999999, 0.11467108, 0.11698177, 0.11929245999999999, 0.12160315, 0.12391384, 0.12622453, 0.12853522, 0.13084591, 0.1331566, 0.13546729, 0.13777798, 0.14008867, 0.14239935999999997, 0.14471004999999998, 0.14702073999999998, 0.14933143, 0.15164212, 0.15395281, 0.1562635, 0.15857419, 0.16088488, 0.16319556999999998, 0.16550626, 0.16781694999999996, 0.17012763999999997, 0.17243832999999997, 0.17474901999999998, 0.17705970999999998, 0.17937039999999999, 0.18168109, 0.18399178, 0.18630247, 0.18861316, 0.19092385, 0.19323454, 0.19554523000000001, 0.19785591999999996, 0.20016660999999997, 0.20247729999999997, 0.20478798999999998, 0.20709867999999998, 0.20940936999999998, 0.21172006, 0.21403075, 0.21634144, 0.21865213, 0.22096282, 0.22327351, 0.2255842, 0.22789488999999996, 0.23020557999999997, 0.23251626999999997, 0.23482695999999997, 0.23713764999999998, 0.23944833999999998, 0.24175902999999999, 0.24406972, 0.24638041, 0.2486911, 0.25100179, 0.25331248, 0.25562316999999996, 0.25793385999999996, 0.26024454999999996, 0.26255523999999997, 0.26486592999999997, 0.26717662, 0.26948731, 0.271798], "step_numbers": ["0", "106", "198", "199"]}}, "ratio": {}, "phase": {"Step:ModeKeys.TRAIN": 91.54299731151937, "Step:ModeKeys.EVAL": 8.457002688480628}, "phase_time": {}, "general": {"Forward": 100.0}}, "Datapoints": 3719, "RuleParameters": "threshold:3\nmode:None\nn_outliers:10\nstddev:3"}