{"RuleTriggered": 0, "Violations": 0, "Details": {"step_details": {"algo-1-47": {"step_stats": {"mean": 0.04745624603174603, "max": 5.035708, "p99": 0.012595249999999999, "p95": 0.0101355, "p50": 0.007121000000000001, "min": 0.006444}, "number_of_outliers": 1, "phase": "Step:ModeKeys.EVAL", "stddev": 0.45, "probs": [1, 1, 3, 7, 13, 20, 7, 6, 1, 3, 2, 1, 6, 2, 3, 2, 3, 1, 3, 2, 2, 2, 1, 3, 0, 3, 0, 1, 0, 2, 0, 3, 4, 4, 0, 3, 0, 1, 0, 1, 0, 0, 0, 0, 0, 0, 0, 0, 0, 0, 0, 0, 0, 0, 1, 1, 0, 1, 1, 0, 0, 0, 0, 1, 0, 0, 0, 0, 0, 0, 0, 0, 1, 0, 0, 0, 0, 1, 0, 0, 0, 0, 0, 0, 0, 0, 0, 0, 0, 0, 0, 0, 0, 0, 0, 0, 0, 0, 0, 1], "binedges": [0.006444, 0.00650923, 0.00657446, 0.00663969, 0.00670492, 0.00677015, 0.00683538, 0.00690061, 0.00696584, 0.00703107, 0.0070963, 0.00716153, 0.0072267600000000005, 0.00729199, 0.00735722, 0.007422450000000001, 0.00748768, 0.0075529099999999995, 0.00761814, 0.00768337, 0.0077486, 0.00781383, 0.00787906, 0.00794429, 0.00800952, 0.00807475, 0.00813998, 0.008205210000000001, 0.00827044, 0.00833567, 0.0084009, 0.00846613, 0.00853136, 0.00859659, 0.00866182, 0.00872705, 0.00879228, 0.008857509999999999, 0.00892274, 0.00898797, 0.0090532, 0.00911843, 0.00918366, 0.00924889, 0.00931412, 0.00937935, 0.009444580000000001, 0.00950981, 0.00957504, 0.00964027, 0.009705499999999999, 0.00977073, 0.00983596, 0.00990119, 0.00996642, 0.01003165, 0.010096879999999999, 0.01016211, 0.01022734, 0.010292570000000001, 0.0103578, 0.01042303, 0.01048826, 0.010553489999999999, 0.01061872, 0.010683950000000001, 0.01074918, 0.01081441, 0.01087964, 0.010944869999999999, 0.0110101, 0.01107533, 0.01114056, 0.01120579, 0.01127102, 0.011336249999999999, 0.01140148, 0.01146671, 0.011531940000000001, 0.01159717, 0.0116624, 0.01172763, 0.011792859999999999, 0.01185809, 0.01192332, 0.01198855, 0.01205378, 0.01211901, 0.012184239999999999, 0.01224947, 0.0123147, 0.01237993, 0.01244516, 0.01251039, 0.01257562, 0.012640849999999999, 0.01270608, 0.012771310000000001, 0.01283654, 0.01290177, 0.012967], "step_numbers": ["0"]}}}, "Datapoints": 1127, "RuleParameters": "threshold:3\nmode:None\nn_outliers:10\nstddev:3"}